{
  "model": "atlas-chat-2b-rubric",
  "lang": "domaine_reel_v3",
  "n": 194,
  "macro_f1": 0.452,
  "latency_ms_per_utt": 285.4,
  "peak_vram_mb": 0.0,
  "n_params": 1602203904,
  "classes_evaluated": [
    "neg",
    "neu",
    "pos"
  ],
  "classification_report": {
    "neg": {
      "precision": 0.4444444444444444,
      "recall": 0.6222222222222222,
      "f1-score": 0.5185185185185185,
      "support": 45.0
    },
    "neu": {
      "precision": 0.84375,
      "recall": 0.40601503759398494,
      "f1-score": 0.5482233502538071,
      "support": 133.0
    },
    "pos": {
      "precision": 0.1791044776119403,
      "recall": 0.75,
      "f1-score": 0.2891566265060241,
      "support": 16.0
    },
    "accuracy": 0.4845360824742268,
    "macro avg": {
      "precision": 0.4890996406854616,
      "recall": 0.592745753272069,
      "f1-score": 0.45196616509278326,
      "support": 194.0
    },
    "weighted avg": {
      "precision": 0.6963114517618095,
      "recall": 0.4845360824742268,
      "f1-score": 0.5199667265009591,
      "support": 194.0
    }
  },
  "confusion_matrix": [
    [
      28,
      9,
      8
    ],
    [
      32,
      54,
      47
    ],
    [
      3,
      1,
      12
    ]
  ],
  "confusion_matrix_labels": [
    "neg",
    "neu",
    "pos"
  ],
  "prompt": "rubric-v3+fewshot",
  "non_response_rate": 0.0103,
  "model_size": "2b",
  "quantization": "4bit-nf4"
}