{
  "model": "atlas-chat-9b-rubric",
  "lang": "domaine_reel_v2",
  "n": 194,
  "macro_f1": 0.5035,
  "latency_ms_per_utt": 929.306,
  "peak_vram_mb": 2538.9,
  "n_params": 5079907840,
  "classes_evaluated": [
    "neg",
    "neu",
    "pos"
  ],
  "classification_report": {
    "neg": {
      "precision": 0.4945054945054945,
      "recall": 0.7142857142857143,
      "f1-score": 0.5844155844155844,
      "support": 63.0
    },
    "neu": {
      "precision": 0.7866666666666666,
      "recall": 0.5315315315315315,
      "f1-score": 0.6344086021505376,
      "support": 111.0
    },
    "pos": {
      "precision": 0.25,
      "recall": 0.35,
      "f1-score": 0.2916666666666667,
      "support": 20.0
    },
    "accuracy": 0.5721649484536082,
    "macro avg": {
      "precision": 0.5103907203907204,
      "recall": 0.531939081939082,
      "f1-score": 0.5034969510775963,
      "support": 194.0
    },
    "weighted avg": {
      "precision": 0.6364631245043616,
      "recall": 0.5721649484536082,
      "f1-score": 0.5828395360320867,
      "support": 194.0
    }
  },
  "confusion_matrix": [
    [
      45,
      13,
      5
    ],
    [
      36,
      59,
      16
    ],
    [
      10,
      3,
      7
    ]
  ],
  "confusion_matrix_labels": [
    "neg",
    "neu",
    "pos"
  ],
  "prompt": "rubric-v3+fewshot",
  "non_response_rate": 0.0,
  "model_size": "9b",
  "quantization": "4bit-nf4"
}