{
  "model": "camelbert-da",
  "lang": "darija_ar",
  "n": 1000,
  "macro_f1": 0.7008,
  "latency_ms_per_utt": 90.933,
  "peak_vram_mb": 0.0,
  "n_params": 109083651,
  "classes_evaluated": [
    "neg",
    "neu",
    "pos"
  ],
  "classification_report": {
    "neg": {
      "precision": 0.5814696485623003,
      "recall": 0.9054726368159204,
      "f1-score": 0.708171206225681,
      "support": 201.0
    },
    "neu": {
      "precision": 0.708029197080292,
      "recall": 0.41810344827586204,
      "f1-score": 0.5257452574525745,
      "support": 232.0
    },
    "pos": {
      "precision": 0.8818181818181818,
      "recall": 0.855379188712522,
      "f1-score": 0.8683974932855864,
      "support": 567.0
    },
    "accuracy": 0.764,
    "macro avg": {
      "precision": 0.7237723424869248,
      "recall": 0.7263184246014348,
      "f1-score": 0.7007713189879473,
      "support": 1000.0
    },
    "weighted avg": {
      "precision": 0.7811290821745592,
      "recall": 0.764,
      "f1-score": 0.7566966908732866,
      "support": 1000.0
    }
  },
  "confusion_matrix": [
    [
      182,
      9,
      10
    ],
    [
      80,
      97,
      55
    ],
    [
      51,
      31,
      485
    ]
  ],
  "confusion_matrix_labels": [
    "neg",
    "neu",
    "pos"
  ],
  "binary_original": false,
  "note": "model has native neutral class"
}