{
  "model": "camelbert-da",
  "lang": "domaine_reel",
  "n": 194,
  "macro_f1": 0.513,
  "latency_ms_per_utt": 162.568,
  "peak_vram_mb": 0.0,
  "classes_evaluated": [
    "neg",
    "neu",
    "pos"
  ],
  "classification_report": {
    "neg": {
      "precision": 0.4236111111111111,
      "recall": 0.9384615384615385,
      "f1-score": 0.583732057416268,
      "support": 65.0
    },
    "neu": {
      "precision": 0.8387096774193549,
      "recall": 0.26804123711340205,
      "f1-score": 0.40625,
      "support": 97.0
    },
    "pos": {
      "precision": 0.7368421052631579,
      "recall": 0.4375,
      "f1-score": 0.5490196078431373,
      "support": 32.0
    },
    "accuracy": 0.520618556701031,
    "macro avg": {
      "precision": 0.6663876312645413,
      "recall": 0.5480009251916468,
      "f1-score": 0.5130005550864684,
      "support": 194.0
    },
    "weighted avg": {
      "precision": 0.682827362372787,
      "recall": 0.520618556701031,
      "f1-score": 0.4892652638300918,
      "support": 194.0
    }
  },
  "confusion_matrix": [
    [
      61,
      3,
      1
    ],
    [
      67,
      26,
      4
    ],
    [
      16,
      2,
      14
    ]
  ],
  "confusion_matrix_labels": [
    "neg",
    "neu",
    "pos"
  ]
}