{
  "model": "camelbert-da",
  "lang": "domaine_reel",
  "n": 194,
  "macro_f1": 0.374,
  "latency_ms_per_utt": 162.877,
  "peak_vram_mb": 0.0,
  "classes_evaluated": [
    "neg",
    "neu",
    "pos"
  ],
  "classification_report": {
    "neg": {
      "precision": 0.3958333333333333,
      "recall": 0.9047619047619048,
      "f1-score": 0.5507246376811594,
      "support": 63.0
    },
    "neu": {
      "precision": 0.8387096774193549,
      "recall": 0.23423423423423423,
      "f1-score": 0.36619718309859156,
      "support": 111.0
    },
    "pos": {
      "precision": 0.21052631578947367,
      "recall": 0.2,
      "f1-score": 0.20512820512820512,
      "support": 20.0
    },
    "accuracy": 0.4484536082474227,
    "macro avg": {
      "precision": 0.48168977551405395,
      "recall": 0.4463320463320463,
      "f1-score": 0.374016675302652,
      "support": 194.0
    },
    "weighted avg": {
      "precision": 0.6301278376769993,
      "recall": 0.4484536082474227,
      "f1-score": 0.40951599794031346,
      "support": 194.0
    }
  },
  "confusion_matrix": [
    [
      57,
      3,
      3
    ],
    [
      73,
      26,
      12
    ],
    [
      14,
      2,
      4
    ]
  ],
  "confusion_matrix_labels": [
    "neg",
    "neu",
    "pos"
  ]
}