{
  "model": "camelbert-da",
  "lang": "msa",
  "n": 1000,
  "macro_f1": 0.9237,
  "latency_ms_per_utt": 163.686,
  "peak_vram_mb": 0.0,
  "n_params": 109083651,
  "classes_evaluated": [
    "neg",
    "pos"
  ],
  "classification_report": {
    "neg": {
      "precision": 0.9790660225442834,
      "recall": 0.8954344624447718,
      "f1-score": 0.9353846153846154,
      "support": 679.0
    },
    "pos": {
      "precision": 0.9375,
      "recall": 0.8878504672897196,
      "f1-score": 0.912,
      "support": 321.0
    },
    "micro avg": {
      "precision": 0.9654054054054054,
      "recall": 0.893,
      "f1-score": 0.9277922077922078,
      "support": 1000.0
    },
    "macro avg": {
      "precision": 0.9582830112721417,
      "recall": 0.8916424648672456,
      "f1-score": 0.9236923076923077,
      "support": 1000.0
    },
    "weighted avg": {
      "precision": 0.9657233293075684,
      "recall": 0.893,
      "f1-score": 0.9278781538461537,
      "support": 1000.0
    }
  },
  "confusion_matrix": [
    [
      608,
      19
    ],
    [
      13,
      285
    ]
  ],
  "confusion_matrix_labels": [
    "neg",
    "pos"
  ],
  "binary_original": false,
  "note": "model has native neutral class"
}