{
  "model": "darijabert",
  "lang": "domaine_reel",
  "n": 194,
  "macro_f1": 0.4149,
  "latency_ms_per_utt": 146.116,
  "peak_vram_mb": 0.0,
  "classes_evaluated": [
    "neg",
    "neu",
    "pos"
  ],
  "classification_report": {
    "neg": {
      "precision": 0.5416666666666666,
      "recall": 0.4126984126984127,
      "f1-score": 0.46846846846846846,
      "support": 63.0
    },
    "neu": {
      "precision": 0.6060606060606061,
      "recall": 0.7207207207207207,
      "f1-score": 0.6584362139917695,
      "support": 111.0
    },
    "pos": {
      "precision": 0.14285714285714285,
      "recall": 0.1,
      "f1-score": 0.11764705882352941,
      "support": 20.0
    },
    "accuracy": 0.5567010309278351,
    "macro avg": {
      "precision": 0.4301948051948052,
      "recall": 0.4111397111397112,
      "f1-score": 0.4148505804279225,
      "support": 194.0
    },
    "weighted avg": {
      "precision": 0.5373962377828357,
      "recall": 0.5567010309278351,
      "f1-score": 0.5409941981601574,
      "support": 194.0
    }
  },
  "confusion_matrix": [
    [
      26,
      37,
      0
    ],
    [
      19,
      80,
      12
    ],
    [
      3,
      15,
      2
    ]
  ],
  "confusion_matrix_labels": [
    "neg",
    "neu",
    "pos"
  ]
}