{
  "model": "darijabert-haca",
  "lang": "darija_ar",
  "n": 1000,
  "macro_f1": 0.7666,
  "latency_ms_per_utt": 2.633,
  "peak_vram_mb": 2356.3,
  "n_params": 147483651,
  "classes_evaluated": [
    "neg",
    "neu",
    "pos"
  ],
  "classification_report": {
    "neg": {
      "precision": 0.7314814814814815,
      "recall": 0.7860696517412935,
      "f1-score": 0.7577937649880095,
      "support": 201.0
    },
    "neu": {
      "precision": 0.6142857142857143,
      "recall": 0.7413793103448276,
      "f1-score": 0.671875,
      "support": 232.0
    },
    "pos": {
      "precision": 0.9246031746031746,
      "recall": 0.8218694885361552,
      "f1-score": 0.8702147525676938,
      "support": 567.0
    },
    "accuracy": 0.796,
    "macro avg": {
      "precision": 0.7567901234567902,
      "recall": 0.7831061502074254,
      "f1-score": 0.7666278391852345,
      "support": 1000.0
    },
    "weighted avg": {
      "precision": 0.8137920634920636,
      "recall": 0.796,
      "f1-score": 0.8016033114684724,
      "support": 1000.0
    }
  },
  "confusion_matrix": [
    [
      158,
      31,
      12
    ],
    [
      34,
      172,
      26
    ],
    [
      24,
      77,
      466
    ]
  ],
  "confusion_matrix_labels": [
    "neg",
    "neu",
    "pos"
  ],
  "gpu_train_minutes": 16.6,
  "checkpoint": "/kaggle/working/benchmark/src/../checkpoints/darijabert-haca"
}