{
  "model": "darijabert",
  "lang": "domaine_reel",
  "n": 194,
  "macro_f1": 0.526,
  "latency_ms_per_utt": 146.424,
  "peak_vram_mb": 0.0,
  "classes_evaluated": [
    "neg",
    "neu",
    "pos"
  ],
  "classification_report": {
    "neg": {
      "precision": 0.6666666666666666,
      "recall": 0.49230769230769234,
      "f1-score": 0.5663716814159292,
      "support": 65.0
    },
    "neu": {
      "precision": 0.5757575757575758,
      "recall": 0.7835051546391752,
      "f1-score": 0.6637554585152838,
      "support": 97.0
    },
    "pos": {
      "precision": 0.5714285714285714,
      "recall": 0.25,
      "f1-score": 0.34782608695652173,
      "support": 32.0
    },
    "accuracy": 0.5979381443298969,
    "macro avg": {
      "precision": 0.6046176046176046,
      "recall": 0.5086042823156225,
      "f1-score": 0.5259844089625783,
      "support": 194.0
    },
    "weighted avg": {
      "precision": 0.6055027446780024,
      "recall": 0.5979381443298969,
      "f1-score": 0.5790148121166322,
      "support": 194.0
    }
  },
  "confusion_matrix": [
    [
      32,
      33,
      0
    ],
    [
      15,
      76,
      6
    ],
    [
      1,
      23,
      8
    ]
  ],
  "confusion_matrix_labels": [
    "neg",
    "neu",
    "pos"
  ]
}