{
  "model": "distilcamembert",
  "lang": "francais",
  "n": 1000,
  "macro_f1": 0.9486,
  "latency_ms_per_utt": 420.882,
  "peak_vram_mb": 0.0,
  "n_params": 68098565,
  "classes_evaluated": [
    "neg",
    "pos"
  ],
  "classification_report": {
    "neg": {
      "precision": 0.989406779661017,
      "recall": 0.8980769230769231,
      "f1-score": 0.9415322580645161,
      "support": 520.0
    },
    "pos": {
      "precision": 0.967948717948718,
      "recall": 0.94375,
      "f1-score": 0.9556962025316456,
      "support": 480.0
    },
    "micro avg": {
      "precision": 0.9787234042553191,
      "recall": 0.92,
      "f1-score": 0.9484536082474226,
      "support": 1000.0
    },
    "macro avg": {
      "precision": 0.9786777488048675,
      "recall": 0.9209134615384615,
      "f1-score": 0.9486142302980809,
      "support": 1000.0
    },
    "weighted avg": {
      "precision": 0.9791069100391134,
      "recall": 0.92,
      "f1-score": 0.9483309514087382,
      "support": 1000.0
    }
  },
  "confusion_matrix": [
    [
      467,
      15
    ],
    [
      5,
      453
    ]
  ],
  "confusion_matrix_labels": [
    "neg",
    "pos"
  ]
}