{
  "model": "marbertv2-haca",
  "lang": "darija_ar",
  "n": 1000,
  "macro_f1": 0.8351,
  "latency_ms_per_utt": 2.346,
  "peak_vram_mb": 2573.3,
  "n_params": 162843651,
  "classes_evaluated": [
    "neg",
    "neu",
    "pos"
  ],
  "classification_report": {
    "neg": {
      "precision": 0.8480392156862745,
      "recall": 0.8606965174129353,
      "f1-score": 0.854320987654321,
      "support": 201.0
    },
    "neu": {
      "precision": 0.7142857142857143,
      "recall": 0.7758620689655172,
      "f1-score": 0.743801652892562,
      "support": 232.0
    },
    "pos": {
      "precision": 0.9264705882352942,
      "recall": 0.8888888888888888,
      "f1-score": 0.9072907290729073,
      "support": 567.0
    },
    "accuracy": 0.857,
    "macro avg": {
      "precision": 0.8295985060690944,
      "recall": 0.8418158250891138,
      "f1-score": 0.8351377898732634,
      "support": 1000.0
    },
    "weighted avg": {
      "precision": 0.8614789915966387,
      "recall": 0.857,
      "f1-score": 0.8587143453739313,
      "support": 1000.0
    }
  },
  "confusion_matrix": [
    [
      173,
      18,
      10
    ],
    [
      22,
      180,
      30
    ],
    [
      9,
      54,
      504
    ]
  ],
  "confusion_matrix_labels": [
    "neg",
    "neu",
    "pos"
  ],
  "gpu_train_minutes": 16.7,
  "checkpoint": "/kaggle/working/benchmark/src/../checkpoints/marbertv2-haca"
}