{
  "model": "marbertv2-haca-only",
  "lang": "darija_ar",
  "n": 1000,
  "macro_f1": 0.8301,
  "latency_ms_per_utt": 2.434,
  "peak_vram_mb": 2583.6,
  "n_params": 162843651,
  "classes_evaluated": [
    "neg",
    "neu",
    "pos"
  ],
  "classification_report": {
    "neg": {
      "precision": 0.8349056603773585,
      "recall": 0.8805970149253731,
      "f1-score": 0.8571428571428571,
      "support": 201.0
    },
    "neu": {
      "precision": 0.7019607843137254,
      "recall": 0.771551724137931,
      "f1-score": 0.7351129363449692,
      "support": 232.0
    },
    "pos": {
      "precision": 0.926829268292683,
      "recall": 0.8712522045855379,
      "f1-score": 0.8981818181818182,
      "support": 567.0
    },
    "accuracy": 0.85,
    "macro avg": {
      "precision": 0.8212319043279223,
      "recall": 0.8411336478829474,
      "f1-score": 0.8301458705565482,
      "support": 1000.0
    },
    "weighted avg": {
      "precision": 0.8561831348185845,
      "recall": 0.85,
      "f1-score": 0.8521010064268381,
      "support": 1000.0
    }
  },
  "confusion_matrix": [
    [
      177,
      16,
      8
    ],
    [
      22,
      179,
      31
    ],
    [
      13,
      60,
      494
    ]
  ],
  "confusion_matrix_labels": [
    "neg",
    "neu",
    "pos"
  ],
  "gpu_train_minutes": 3.7,
  "checkpoint": "/kaggle/working/benchmark/src/../checkpoints/marbertv2-haca-only"
}