{
  "model": "marbertv2",
  "lang": "domaine_reel",
  "n": 194,
  "macro_f1": 0.4589,
  "latency_ms_per_utt": 138.241,
  "peak_vram_mb": 0.0,
  "classes_evaluated": [
    "neg",
    "neu",
    "pos"
  ],
  "classification_report": {
    "neg": {
      "precision": 0.8125,
      "recall": 0.2,
      "f1-score": 0.32098765432098764,
      "support": 65.0
    },
    "neu": {
      "precision": 0.5481927710843374,
      "recall": 0.9381443298969072,
      "f1-score": 0.6920152091254753,
      "support": 97.0
    },
    "pos": {
      "precision": 0.6666666666666666,
      "recall": 0.25,
      "f1-score": 0.36363636363636365,
      "support": 32.0
    },
    "accuracy": 0.5773195876288659,
    "macro avg": {
      "precision": 0.6757864792503346,
      "recall": 0.46271477663230237,
      "f1-score": 0.45887974236094226,
      "support": 194.0
    },
    "weighted avg": {
      "precision": 0.6562914027242992,
      "recall": 0.5773195876288659,
      "f1-score": 0.5135362703731904,
      "support": 194.0
    }
  },
  "confusion_matrix": [
    [
      13,
      52,
      0
    ],
    [
      2,
      91,
      4
    ],
    [
      1,
      23,
      8
    ]
  ],
  "confusion_matrix_labels": [
    "neg",
    "neu",
    "pos"
  ]
}