{
  "model": "marbertv2-haca",
  "lang": "domaine_reel_v2",
  "n": 194,
  "macro_f1": 0.4592,
  "latency_ms_per_utt": 6.262,
  "peak_vram_mb": 2615.8,
  "n_params": 162843651,
  "classes_evaluated": [
    "neg",
    "neu",
    "pos"
  ],
  "classification_report": {
    "neg": {
      "precision": 0.7931034482758621,
      "recall": 0.36507936507936506,
      "f1-score": 0.5,
      "support": 63.0
    },
    "neu": {
      "precision": 0.6387096774193548,
      "recall": 0.8918918918918919,
      "f1-score": 0.7443609022556391,
      "support": 111.0
    },
    "pos": {
      "precision": 0.2,
      "recall": 0.1,
      "f1-score": 0.13333333333333333,
      "support": 20.0
    },
    "accuracy": 0.6391752577319587,
    "macro avg": {
      "precision": 0.5439377085650723,
      "recall": 0.4523237523237524,
      "f1-score": 0.45923141186299077,
      "support": 194.0
    },
    "weighted avg": {
      "precision": 0.6436200589429263,
      "recall": 0.6391752577319587,
      "f1-score": 0.6020140557579516,
      "support": 194.0
    }
  },
  "confusion_matrix": [
    [
      23,
      39,
      1
    ],
    [
      5,
      99,
      7
    ],
    [
      1,
      17,
      2
    ]
  ],
  "confusion_matrix_labels": [
    "neg",
    "neu",
    "pos"
  ],
  "gpu_train_minutes": 17.5,
  "checkpoint": "/kaggle/working/benchmark/src/../checkpoints/marbertv2-haca"
}