{
  "model": "marbertv2",
  "lang": "domaine_reel",
  "n": 194,
  "macro_f1": 0.3803,
  "latency_ms_per_utt": 138.207,
  "peak_vram_mb": 0.0,
  "classes_evaluated": [
    "neg",
    "neu",
    "pos"
  ],
  "classification_report": {
    "neg": {
      "precision": 0.625,
      "recall": 0.15873015873015872,
      "f1-score": 0.25316455696202533,
      "support": 63.0
    },
    "neu": {
      "precision": 0.5843373493975904,
      "recall": 0.8738738738738738,
      "f1-score": 0.7003610108303249,
      "support": 111.0
    },
    "pos": {
      "precision": 0.25,
      "recall": 0.15,
      "f1-score": 0.1875,
      "support": 20.0
    },
    "accuracy": 0.5670103092783505,
    "macro avg": {
      "precision": 0.4864457831325302,
      "recall": 0.3942013442013441,
      "f1-score": 0.3803418559307834,
      "support": 194.0
    },
    "weighted avg": {
      "precision": 0.5630744627996522,
      "recall": 0.5670103092783505,
      "f1-score": 0.5022651509833694,
      "support": 194.0
    }
  },
  "confusion_matrix": [
    [
      10,
      53,
      0
    ],
    [
      5,
      97,
      9
    ],
    [
      1,
      16,
      3
    ]
  ],
  "confusion_matrix_labels": [
    "neg",
    "neu",
    "pos"
  ]
}