{
  "model": "qarib",
  "lang": "domaine_reel",
  "n": 194,
  "macro_f1": 0.4593,
  "latency_ms_per_utt": 156.284,
  "peak_vram_mb": 0.0,
  "classes_evaluated": [
    "neg",
    "neu",
    "pos"
  ],
  "classification_report": {
    "neg": {
      "precision": 0.56,
      "recall": 0.2153846153846154,
      "f1-score": 0.3111111111111111,
      "support": 65.0
    },
    "neu": {
      "precision": 0.5394736842105263,
      "recall": 0.845360824742268,
      "f1-score": 0.6586345381526104,
      "support": 97.0
    },
    "pos": {
      "precision": 0.5882352941176471,
      "recall": 0.3125,
      "f1-score": 0.40816326530612246,
      "support": 32.0
    },
    "accuracy": 0.5463917525773195,
    "macro avg": {
      "precision": 0.5625696594427244,
      "recall": 0.45774848004229446,
      "f1-score": 0.4593029715232813,
      "support": 194.0
    },
    "weighted avg": {
      "precision": 0.5543942102071432,
      "recall": 0.5463917525773195,
      "f1-score": 0.5008814273856771,
      "support": 194.0
    }
  },
  "confusion_matrix": [
    [
      14,
      51,
      0
    ],
    [
      8,
      82,
      7
    ],
    [
      3,
      19,
      10
    ]
  ],
  "confusion_matrix_labels": [
    "neg",
    "neu",
    "pos"
  ]
}