{
  "model": "qarib",
  "lang": "domaine_reel",
  "n": 194,
  "macro_f1": 0.4205,
  "latency_ms_per_utt": 239.522,
  "peak_vram_mb": 0.0,
  "classes_evaluated": [
    "neg",
    "neu",
    "pos"
  ],
  "classification_report": {
    "neg": {
      "precision": 0.32,
      "recall": 0.21052631578947367,
      "f1-score": 0.25396825396825395,
      "support": 38.0
    },
    "neu": {
      "precision": 0.7697368421052632,
      "recall": 0.8013698630136986,
      "f1-score": 0.785234899328859,
      "support": 146.0
    },
    "pos": {
      "precision": 0.17647058823529413,
      "recall": 0.3,
      "f1-score": 0.2222222222222222,
      "support": 10.0
    },
    "accuracy": 0.6597938144329897,
    "macro avg": {
      "precision": 0.4220691434468524,
      "recall": 0.43729872626772415,
      "f1-score": 0.42047512517311175,
      "support": 194.0
    },
    "weighted avg": {
      "precision": 0.6510633238645431,
      "recall": 0.6597938144329897,
      "f1-score": 0.6521510885310788,
      "support": 194.0
    }
  },
  "confusion_matrix": [
    [
      8,
      30,
      0
    ],
    [
      15,
      117,
      14
    ],
    [
      2,
      5,
      3
    ]
  ],
  "confusion_matrix_labels": [
    "neg",
    "neu",
    "pos"
  ]
}