{
  "model": "qarib",
  "lang": "msa",
  "n": 1000,
  "macro_f1": 0.8118,
  "latency_ms_per_utt": 4.474,
  "peak_vram_mb": 2632.5,
  "n_params": 135195651,
  "classes_evaluated": [
    "neg",
    "pos"
  ],
  "classification_report": {
    "neg": {
      "precision": 0.9722772277227723,
      "recall": 0.7231222385861561,
      "f1-score": 0.8293918918918919,
      "support": 679.0
    },
    "pos": {
      "precision": 0.8277027027027027,
      "recall": 0.7632398753894081,
      "f1-score": 0.7941653160453809,
      "support": 321.0
    },
    "micro avg": {
      "precision": 0.9188514357053683,
      "recall": 0.736,
      "f1-score": 0.8173237090505275,
      "support": 1000.0
    },
    "macro avg": {
      "precision": 0.8999899652127374,
      "recall": 0.7431810569877821,
      "f1-score": 0.8117786039686363,
      "support": 1000.0
    },
    "weighted avg": {
      "precision": 0.92586880519133,
      "recall": 0.736,
      "f1-score": 0.8180841610451619,
      "support": 1000.0
    }
  },
  "confusion_matrix": [
    [
      491,
      51
    ],
    [
      14,
      245
    ]
  ],
  "confusion_matrix_labels": [
    "neg",
    "pos"
  ],
  "gpu_train_minutes": 11.3,
  "checkpoint": "/kaggle/working/benchmark/src/../checkpoints/qarib"
}