{
  "model": "qarib",
  "lang": "domaine_reel",
  "n": 194,
  "macro_f1": 0.3857,
  "latency_ms_per_utt": 162.598,
  "peak_vram_mb": 0.0,
  "classes_evaluated": [
    "neg",
    "neu",
    "pos"
  ],
  "classification_report": {
    "neg": {
      "precision": 0.56,
      "recall": 0.2222222222222222,
      "f1-score": 0.3181818181818182,
      "support": 63.0
    },
    "neu": {
      "precision": 0.5855263157894737,
      "recall": 0.8018018018018018,
      "f1-score": 0.6768060836501901,
      "support": 111.0
    },
    "pos": {
      "precision": 0.17647058823529413,
      "recall": 0.15,
      "f1-score": 0.16216216216216217,
      "support": 20.0
    },
    "accuracy": 0.5463917525773195,
    "macro avg": {
      "precision": 0.44066563467492265,
      "recall": 0.3913413413413413,
      "f1-score": 0.38571668799805686,
      "support": 194.0
    },
    "weighted avg": {
      "precision": 0.5350661485429766,
      "recall": 0.5463917525773195,
      "f1-score": 0.5072895519271593,
      "support": 194.0
    }
  },
  "confusion_matrix": [
    [
      14,
      48,
      1
    ],
    [
      9,
      89,
      13
    ],
    [
      2,
      15,
      3
    ]
  ],
  "confusion_matrix_labels": [
    "neg",
    "neu",
    "pos"
  ]
}