{
  "model": "xlm-t",
  "lang": "domaine_reel",
  "n": 194,
  "macro_f1": 0.6125,
  "latency_ms_per_utt": 197.508,
  "peak_vram_mb": 0.0,
  "classes_evaluated": [
    "neg",
    "neu",
    "pos"
  ],
  "classification_report": {
    "neg": {
      "precision": 0.5308641975308642,
      "recall": 0.6615384615384615,
      "f1-score": 0.589041095890411,
      "support": 65.0
    },
    "neu": {
      "precision": 0.6941176470588235,
      "recall": 0.6082474226804123,
      "f1-score": 0.6483516483516484,
      "support": 97.0
    },
    "pos": {
      "precision": 0.6428571428571429,
      "recall": 0.5625,
      "f1-score": 0.6,
      "support": 32.0
    },
    "accuracy": 0.6185567010309279,
    "macro avg": {
      "precision": 0.6226129958156101,
      "recall": 0.6107619614062912,
      "f1-score": 0.6124642480806864,
      "support": 194.0
    },
    "weighted avg": {
      "precision": 0.6309639854414465,
      "recall": 0.6185567010309279,
      "f1-score": 0.6205040264071474,
      "support": 194.0
    }
  },
  "confusion_matrix": [
    [
      43,
      19,
      3
    ],
    [
      31,
      59,
      7
    ],
    [
      7,
      7,
      18
    ]
  ],
  "confusion_matrix_labels": [
    "neg",
    "neu",
    "pos"
  ]
}