{
  "model": "xlm-t",
  "lang": "arabizi",
  "n": 1000,
  "macro_f1": 0.7623,
  "latency_ms_per_utt": 145.26,
  "peak_vram_mb": 0.0,
  "n_params": 278045955,
  "classes_evaluated": [
    "neg",
    "pos"
  ],
  "classification_report": {
    "neg": {
      "precision": 0.9206349206349206,
      "recall": 0.6763848396501457,
      "f1-score": 0.7798319327731092,
      "support": 343.0
    },
    "pos": {
      "precision": 0.9334862385321101,
      "recall": 0.619482496194825,
      "f1-score": 0.7447392497712717,
      "support": 657.0
    },
    "micro avg": {
      "precision": 0.9287790697674418,
      "recall": 0.639,
      "f1-score": 0.7571090047393365,
      "support": 1000.0
    },
    "macro avg": {
      "precision": 0.9270605795835154,
      "recall": 0.6479336679224854,
      "f1-score": 0.7622855912721904,
      "support": 1000.0
    },
    "weighted avg": {
      "precision": 0.9290782364933741,
      "recall": 0.639,
      "f1-score": 0.756776040040902,
      "support": 1000.0
    }
  },
  "confusion_matrix": [
    [
      232,
      29
    ],
    [
      20,
      407
    ]
  ],
  "confusion_matrix_labels": [
    "neg",
    "pos"
  ]
}