{
  "model": "xlm-t",
  "lang": "domaine_reel",
  "n": 194,
  "macro_f1": 0.4887,
  "latency_ms_per_utt": 199.793,
  "peak_vram_mb": 0.0,
  "classes_evaluated": [
    "neg",
    "neu",
    "pos"
  ],
  "classification_report": {
    "neg": {
      "precision": 0.48148148148148145,
      "recall": 0.6190476190476191,
      "f1-score": 0.5416666666666666,
      "support": 63.0
    },
    "neu": {
      "precision": 0.7294117647058823,
      "recall": 0.5585585585585585,
      "f1-score": 0.6326530612244898,
      "support": 111.0
    },
    "pos": {
      "precision": 0.25,
      "recall": 0.35,
      "f1-score": 0.2916666666666667,
      "support": 20.0
    },
    "accuracy": 0.5567010309278351,
    "macro avg": {
      "precision": 0.48696441539578794,
      "recall": 0.5092020592020593,
      "f1-score": 0.48866213151927435,
      "support": 194.0
    },
    "weighted avg": {
      "precision": 0.5994744289468363,
      "recall": 0.5567010309278351,
      "f1-score": 0.5679526965425346,
      "support": 194.0
    }
  },
  "confusion_matrix": [
    [
      39,
      18,
      6
    ],
    [
      34,
      62,
      15
    ],
    [
      8,
      5,
      7
    ]
  ],
  "confusion_matrix_labels": [
    "neg",
    "neu",
    "pos"
  ]
}