{
  "model": "xlm-t",
  "lang": "domaine_reel",
  "n": 194,
  "macro_f1": 0.4127,
  "latency_ms_per_utt": 346.557,
  "peak_vram_mb": 0.0,
  "classes_evaluated": [
    "neg",
    "neu",
    "pos"
  ],
  "classification_report": {
    "neg": {
      "precision": 0.3,
      "recall": 0.631578947368421,
      "f1-score": 0.4067796610169492,
      "support": 38.0
    },
    "neu": {
      "precision": 0.8372093023255814,
      "recall": 0.4931506849315068,
      "f1-score": 0.6206896551724138,
      "support": 146.0
    },
    "pos": {
      "precision": 0.14285714285714285,
      "recall": 0.4,
      "f1-score": 0.21052631578947367,
      "support": 10.0
    },
    "accuracy": 0.5154639175257731,
    "macro avg": {
      "precision": 0.42668881506090806,
      "recall": 0.5082432107666426,
      "f1-score": 0.41266521065961226,
      "support": 194.0
    },
    "weighted avg": {
      "precision": 0.6961913895263212,
      "recall": 0.5154639175257731,
      "f1-score": 0.5576473192356248,
      "support": 194.0
    }
  },
  "confusion_matrix": [
    [
      24,
      12,
      2
    ],
    [
      52,
      72,
      22
    ],
    [
      4,
      2,
      4
    ]
  ],
  "confusion_matrix_labels": [
    "neg",
    "neu",
    "pos"
  ]
}